title,doc,like,comment_cnt,comment_list,img,div,ch,ch2
[다산 마음 요양보호사 교육원] 가족관계 변화와 노인 부양 - 요양보호사 자격증 시험 연습 문제 (빈칸 채우기), , , , , , ,naver,blog
"그러나 맞벌이 부부 증가, 핵가족화, 산업화, 수명연장 등 다양한 변화로 인해 노인부양은 더이상 가정 안의...", , , , , , ,naver,blog
[심층진단-저출산 해법없나 ②] 미래세대 노인부양에 국가 존립 위협 … 총선 후 명운 걸고 연금 개혁해야, , , , , , ,naver,blog
가족교육론 - 가족문제 조사 및 예방 프로그램 구성(치매노인 부양가족), , , , , , ,naver,blog
애써 벌어서 노인 부양한다니....부담되나요? 새로운 기회를 잡을 방법 알려드립니다., , , , , , ,naver,blog
"2060년, 1명이 노인 1.2명을 부양해야 하는 고부담사회가 온다.", , , , , , ,naver,blog
"{살롱 드 서리풀} '유치원이 노치원으로'...""생산인구 1명이 노인 1명 부양""", , , , , , ,naver,blog
[2024 요양보호사시험]1장. 요양보호 대상자 이해/3절. 가족관계 변화와 노인 부양, , , , , , ,naver,blog
"공주시, 75세 이상 노인 부양 3대 가구에 20만원 설 효행장려금", , , , , , ,naver,blog
"노인의 가난, 멋진 청춘이 부양 가족 그 당사자가 되어 가는 일 [OECD 한눈에 보는 연금 2023 보고서]", , , , , , ,naver,blog
치매가족의 부양부담과 부양부담 경감을 위한 지원방안에 대해 토론하시오 (노인복지학) DownLoad, , , , , , ,naver,blog
치매노인가족의 부양부담과 스트레스 대처방안에 대하여 설명하시오., , , , , , ,naver,blog
"그러나 맞벌이 부부 증가, 핵가족화, 산업화, 수명연장 등 다양한 변화로 인해 노인부양은 더이상 가정 안의...", , , , , , ,naver,blog
노인복지주택 부양능력 심사와 입소 여부 재결정, , , , , , ,naver,blog
고령화 사회에서 노인부양문제와 해결방안에 대해 서술하시오, , , , , , ,naver,blog
뒷모습 (노인부양), , , , , , ,naver,blog
가정방문요양 재가센터 요양보호사 어르신 의사소견서 노인복지 / 부모님과 자녀를 다 부양하는 5060세대 ], , , , , , ,naver,blog
[치매]경도인지장애 대처 방법과 치매노인 부양방법, , , , , , ,naver,blog
부양과 간병비 마련의 어려움, , , , , , ,naver,blog
치매 노인 가족의부양부담 색칠공부 안심타투 돌봄서비스, , , , , , ,naver,blog
"<이런 법이 어딨어> 백세시대, 부양 전쟁", , , , , , ,naver,blog
부모 부양 은 누구의 몫일까?, , , , , , ,naver,blog
청약. 노부모 부양 특별공급, , , , , , ,naver,blog
95-100세 시대 노인들의 부양, , , , , , ,naver,blog
암울한 우리 아이들의 미래…“부양 부담에 나라 떠난다”, , , , , , ,naver,blog
재가노인복지시설 설치 기준과 신고 절차, , , , , , ,naver,blog
대전 노부모 부양 이렇게 하시는 분들도 많이 있어요, , , , , , ,naver,blog
의료급여 지원 대상 및 혜택 & 부양의무자 기준, , , , , , ,naver,blog
노인맞춤돌봄서비스 이용자 특성과 욕구, , , , , , ,naver,blog
2024년 65세 노인 혜택: 모르면 나만 손해 봅니다!, , , , , , ,naver,blog
부양가족 소득기준 100만원 과다공제 추징 부모님, , , , , , ,naver,blog
노인아파트담보대출 추가 생활자금 조건도 연령제한, , , , , , ,naver,blog
노인범죄의 특성과 대책에 관한 연구, , , , , , ,naver,blog
노부모부양 특별공급 자격 기준 알아보기, , , , , , ,naver,blog
초보 노인입니다, , , , , , ,naver,blog
공중부양 정리하우스 호텔 욕실 샴푸 디스펜서 추천, , , , , , ,naver,blog
* 복지노트 : 노인복지 이슈 뉴스 - 2024년 1월, , , , , , ,naver,blog
부양능력이 없는 경우, , , , , , ,naver,blog
노부모부양 특별공급 수도권에서 지방으로 이전시 주의할 점과 내용, , , , , , ,naver,blog
"은퇴 후 자녀 & 부모 부양, 뉴스 기사", , , , , , ,naver,blog
"2024년 의료급여 수급권자(1, 2종) 혜택 및 신청 혜택(부양의무자)", , , , , , ,naver,blog
우리나라의 노인돌봄 정책, , , , , , ,naver,blog
생전에 유품정리로 노인자살예방, , , , , , ,naver,blog
"노인아파트담보대출, 추가 생활자금 조건 나이제한 어려울까", , , , , , ,naver,blog
생활지원사 자격증 취득 후기 (노인돌봄), , , , , , ,naver,blog
4주차_노인복지론, , , , , , ,naver,blog
재가 노인복지 사업 사회적협동조합 설립, , , , , , ,naver,blog
"노인차별, 아동 차별(3.26일)", , , , , , ,naver,blog
능곡노인주야간센터, , , , , , ,naver,blog
노인장기요양보험등급 기준 확인해 보세요, , , , , , ,naver,blog
노인이 인간다운 생활을 영위하기 위해서는 의식주의... 학습자 주변의 찾을 수 있는 노인 중 소득보장제도와, , , , , , ,naver,blog
"[하루에 하나씩 2부] #27. 노인 소외 - 현진건, 「할머니의 죽음」", , , , , , ,naver,blog
대구 노인돌봄 행복한 노후를 보낼 수 있도록, , , , , , ,naver,blog
노인일자리 확대! 어르신 기초연금 인상!, , , , , , ,naver,blog
노인의 건강 문제와 노후 대책, , , , , , ,naver,blog
우리에게 다가올 미래에 요양보호사 자격증 & 노인 돌봄 생활지원사가 필요한 이유, , , , , , ,naver,blog
부모에게 의존하는 청년들 부양의존도, , , , , , ,naver,blog
개인회생 통장압류 해지방법 신청기간 단축시키려면, , , , , , ,naver,blog
노인장기요양보험제도 16년 이대로 좋은가, , , , , , ,naver,blog
치매노인 실종방지 내부에서 잠금가능 치매환자열쇠 보조장치 설치, , , , , , ,naver,blog
"노인심리상담사 자격증 취업 전망, 취득방법", , , , , , ,naver,blog
"국가유공자 생활조정수당·생계지원금, 부양의무자 있어도 신청 가능?", , , , , , ,naver,blog
노인교육론)노인 평생교육의 방향과 전략과 성공적인 노화☆KR0324, , , , , , ,naver,blog
"2024.02.21_전공의집단행동 , 중국경기부양 , 전기차보조 , 주담대금리", , , , , , ,naver,blog
노인고령화로 야기되는 변화, , , , , , ,naver,blog
우리나라 OECD 자살률 왜이럴까? 자녀부양 부모부양, , , , , , ,naver,blog
"칠곡 북삼읍 노인복지시설 급매 / 1,2층 건물 전체 시설 최상", , , , , , ,naver,blog
재가노인복지센터란?, , , , , , ,naver,blog
치매노인가족의 부양부담과 스트레스 대처방안에 대하여 설명하시오., , , , , , ,naver,blog
노인을 위한 나라는 없다 한국 노인의 삶 OECD 빈곤율 증가 자살률 최상위 문제 노인 일자리여기 찾는 법..., , , , , , ,naver,blog
노인복지의 역사와 최근 동향, , , , , , ,naver,blog
"노인의 시대, 어떻게 맞이할 것인가? -매슬로 욕구단계이론 관점-", , , , , , ,naver,blog
건강상 위급한 상황에서 노인을 지원하기 위한 팁, , , , , , ,naver,blog
재가 노인복지시설의 방문요양센터 설치 신고, , , , , , ,naver,blog
"공주시, 75세 이상 노인 부양 3대 가구에 20만원 설 효행장려금", , , , , , ,naver,blog
"“고령화 사회 가속화”…정부, 노인대책 수립 급물살", , , , , , ,naver,blog
노인건강 레포트, , , , , , ,naver,blog
"노인 일천만 시대 우리들의 자화상, 노인들의 세상 속, 실버 센류, 사랑인 줄 알았는데 부정맥.(4)", , , , , , ,naver,blog
"""2024년 의료급여 부양의무자 재산"" 이보다 많으면 탈락!", , , , , , ,naver,blog
원달러 환율이 고공 행진을 하면, , , , , , ,naver,blog
부산감염내과 노인 요양은 보다 안전하고 청결한 환경에서, , , , , , ,naver,blog
노인돌봄서비스 자격 체크하기, , , , , , ,naver,blog
노인장기요양보험 등급 신청 자격 등급판정 방문조사 항목(ft. 보혐료율 계산), , , , , , ,naver,blog
[생활속의경제] 청년전세자금대출 신청 방법과 전용 및 대출전환 총정리, , , , , , ,naver,blog
노인장기요양보험과 노인돌봄 시장의 민영화, , , , , , ,naver,blog
"[소풍, 플랜75]: 죽음을 강제당하는 노인들", , , , , , ,naver,blog
"보건복지부, 노인 천만 시대를 맞이한 2024년 노인보건복지 사업안내 제작 배부", , , , , , ,naver,blog
"강서구 방문요양/ 만성질환을 가진 노인의 배우자는... 방문요양 강서화곡센터, 노인 돌봄, 노인장기요양보험", , , , , , ,naver,blog
청년버팀목전세자금대출 후기 나이 조건, , , , , , ,naver,blog
"엉망진창, 이별을 시작하다", , , , , , ,naver,blog
